repo_name,easy_file,hard_file
GNOME/chronojump,src/chronojump.cs,src/sqlite/main.cs
GNOME/chronojump,src/gui/app1/runEncoderAnalyze.cs,src/gui/cairo/xy.cs
GNOME/chronojump,src/gui/app1/runEncoderAnalyze.cs,src/gui/cairo/generic.cs
stakira/OpenUtau,OpenUtau.Plugin.Builtin/Data/Resources.Designer.cs,OpenUtau.Core/Classic/Wavtool.cs
stakira/OpenUtau,OpenUtau.Core/ResamplerDriver/ResamplerDrivers.cs,OpenUtau.Core/Render/RenderEngine.cs
stakira/OpenUtau,OpenUtau.Core/ResamplerDriver/Factorys/ExeDriver.cs,OpenUtau.Core/Render/RenderEngine.cs
Faithlife/Parsing,src/Faithlife.Parsing/Parser-Repeat.cs,src/Faithlife.Parsing/TextPosition.cs
Faithlife/Parsing,src/Faithlife.Parsing/ParseResult.cs,src/Faithlife.Parsing/TextPosition.cs
Faithlife/Parsing,src/Faithlife.Parsing/Parser-Trim.cs,src/Faithlife.Parsing/TextPosition.cs
Faithlife/Parsing,src/Faithlife.Parsing/Parser.cs,src/Faithlife.Parsing/TextPosition.cs
Faithlife/Parsing,src/Faithlife.Parsing/Parser-String.cs,src/Faithlife.Parsing/TextPosition.cs
Faithlife/Parsing,src/Faithlife.Parsing/Parser-Regex.cs,src/Faithlife.Parsing/TextPosition.cs
Faithlife/Parsing,src/Faithlife.Parsing/IParser.cs,src/Faithlife.Parsing/TextPosition.cs
Pathoschild/SMAPI,src/SMAPI/Framework/ContentManagers/GameContentManager.cs,src/SMAPI/Framework/ContentManagers/ModContentManager.cs
UnigramDev/Unigram,Unigram/Unigram/Services/ProtoService.cs,Unigram/Unigram/Common/TdExtensions.cs
RobinHood70/HoodBot,HoodBot/Jobs/UespProtectPages.cs,HoodBot/Jobs/MovePagesJob.cs
chummer5a/chummer5a,Chummer/Forms/Selection Forms/SelectLifestyleStartingNuyen.cs,Chummer/Backend/Interfaces/IAsyncEnumerable.cs
chummer5a/chummer5a,Chummer/Backend/Improvements/Improvement.cs,Chummer/Backend/Interfaces/IAsyncEnumerable.cs
chummer5a/chummer5a,Chummer/Forms/Selection Forms/SelectPACKSKit.cs,Chummer/Backend/Interfaces/IAsyncEnumerable.cs
chummer5a/chummer5a,Chummer/Forms/Creation Forms/CreateCustomDrug.cs,Chummer/Backend/Interfaces/IAsyncEnumerable.cs
chummer5a/chummer5a,Chummer/Forms/Utility Forms/PrintMultipleCharacters.cs,Chummer/Backend/Interfaces/IAsyncEnumerable.cs
chummer5a/chummer5a,Chummer/Forms/Utility Forms/ExportCharacter.cs,Chummer/Backend/Interfaces/IAsyncEnumerable.cs
chummer5a/chummer5a,Chummer/Forms/Utility Forms/VersionHistory.cs,Chummer/Backend/Interfaces/IAsyncEnumerable.cs
chummer5a/chummer5a,Chummer/Backend/Static/Managers/XslManager.cs,Chummer/Backend/Interfaces/IAsyncEnumerable.cs
chummer5a/chummer5a,Chummer/Forms/Selection Forms/SelectSkill.cs,Chummer/Backend/Interfaces/IAsyncEnumerable.cs
chummer5a/chummer5a,Chummer/Controls/Shared/DicePoolControl.cs,Chummer/Backend/Interfaces/IAsyncEnumerable.cs
chummer5a/chummer5a,Chummer/Backend/Interfaces/IHasLockObject.cs,Chummer/Backend/Interfaces/IAsyncEnumerable.cs
chummer5a/chummer5a,Chummer/Backend/Helpers/EnterUpgradeableReadLock.cs,Chummer/Backend/Interfaces/IAsyncEnumerable.cs
chummer5a/chummer5a,Chummer/Forms/Creation Forms/CreateExpense.cs,Chummer/Backend/Interfaces/IAsyncEnumerable.cs
chummer5a/chummer5a,Chummer/Forms/Creation Forms/CreateCyberwareSuite.cs,Chummer/Backend/Interfaces/IAsyncEnumerable.cs
chummer5a/chummer5a,Chummer/Forms/Selection Forms/SelectDiceHits.cs,Chummer/Backend/Interfaces/IAsyncEnumerable.cs
chummer5a/chummer5a,Chummer/Backend/Datastructures/ThreadSafeObservableCollectionWithMaxSize.cs,Chummer/Backend/Datastructures/LockingHashSet.cs
chummer5a/chummer5a,Chummer/Backend/Datastructures/LockingDictionaryEnumerator.cs,Chummer/Backend/Datastructures/LockingHashSet.cs
chummer5a/chummer5a,Chummer/Backend/Datastructures/LockingEnumerator.cs,Chummer/Backend/Datastructures/LockingHashSet.cs
chummer5a/chummer5a,Chummer/Backend/Datastructures/ThreadSafeObservableCollectionWithMaxSize.cs,Chummer/Backend/Datastructures/ThreadSafeList.cs
chummer5a/chummer5a,Chummer/Backend/Datastructures/LockingDictionaryEnumerator.cs,Chummer/Backend/Datastructures/ThreadSafeList.cs
chummer5a/chummer5a,Chummer/Backend/Datastructures/LockingEnumerator.cs,Chummer/Backend/Datastructures/ThreadSafeList.cs
chummer5a/chummer5a,Chummer/Forms/Utility Forms/VersionHistory.cs,Chummer/Backend/Datastructures/LockingOrderedSet.cs
chummer5a/chummer5a,Chummer/Forms/Creation Forms/CreateCyberwareSuite.cs,Chummer/Backend/Datastructures/LockingOrderedSet.cs
chummer5a/chummer5a,Chummer/Forms/Creation Forms/CreateExpense.cs,Chummer/Backend/Datastructures/LockingOrderedSet.cs
chummer5a/chummer5a,Chummer/Backend/Improvements/Improvement.cs,Chummer/Backend/Datastructures/LockingOrderedSet.cs
chummer5a/chummer5a,Chummer/Backend/Helpers/EnterUpgradeableReadLock.cs,Chummer/Backend/Datastructures/LockingOrderedSet.cs
chummer5a/chummer5a,Chummer/Forms/Creation Forms/CreateCustomDrug.cs,Chummer/Backend/Datastructures/LockingOrderedSet.cs
chummer5a/chummer5a,Chummer/Forms/Selection Forms/SelectLifestyleStartingNuyen.cs,Chummer/Backend/Datastructures/LockingOrderedSet.cs
chummer5a/chummer5a,Chummer/Controls/Shared/DicePoolControl.cs,Chummer/Backend/Datastructures/LockingOrderedSet.cs
chummer5a/chummer5a,Chummer/Forms/Selection Forms/SelectSkill.cs,Chummer/Backend/Datastructures/LockingOrderedSet.cs
chummer5a/chummer5a,Chummer/Forms/Selection Forms/SelectPACKSKit.cs,Chummer/Backend/Datastructures/LockingOrderedSet.cs
chummer5a/chummer5a,Chummer/Backend/Interfaces/IHasLockObject.cs,Chummer/Backend/Datastructures/LockingOrderedSet.cs
chummer5a/chummer5a,Chummer/Forms/Selection Forms/SelectDiceHits.cs,Chummer/Backend/Datastructures/LockingOrderedSet.cs
chummer5a/chummer5a,Chummer/Forms/Utility Forms/ExportCharacter.cs,Chummer/Backend/Datastructures/LockingOrderedSet.cs
chummer5a/chummer5a,Chummer/Backend/Static/Managers/XslManager.cs,Chummer/Backend/Datastructures/LockingOrderedSet.cs
chummer5a/chummer5a,Chummer/Forms/Utility Forms/PrintMultipleCharacters.cs,Chummer/Backend/Datastructures/LockingOrderedSet.cs
chummer5a/chummer5a,Plugins/ChummerHub.Client/UI/ucSINnerGroupSearch.cs,Plugins/ChummerHub.Client/UI/ucSINnersUserControl.cs
chummer5a/chummer5a,Plugins/ChummerHub.Client/UI/ucSINnerShare.cs,Plugins/ChummerHub.Client/UI/ucSINnersUserControl.cs
chummer5a/chummer5a,Plugins/ChummerHub.Client/UI/ucSINnersBasic.cs,Plugins/ChummerHub.Client/UI/ucSINnersUserControl.cs
chummer5a/chummer5a,Plugins/ChummerHub.Client/UI/ucSINnersOptions.cs,Plugins/ChummerHub.Client/UI/ucSINnersUserControl.cs
chummer5a/chummer5a,Chummer/Forms/Selection Forms/SelectLifestyleStartingNuyen.cs,Chummer/Backend/Helpers/AsyncFriendlyReaderWriterLock.cs
chummer5a/chummer5a,Chummer/Backend/Helpers/EnterUpgradeableReadLock.cs,Chummer/Backend/Helpers/AsyncFriendlyReaderWriterLock.cs
chummer5a/chummer5a,Chummer/Forms/Utility Forms/PrintMultipleCharacters.cs,Chummer/Backend/Helpers/AsyncFriendlyReaderWriterLock.cs
chummer5a/chummer5a,Chummer/Backend/Static/Managers/XslManager.cs,Chummer/Backend/Helpers/AsyncFriendlyReaderWriterLock.cs
chummer5a/chummer5a,Chummer/Forms/Selection Forms/SelectDiceHits.cs,Chummer/Backend/Helpers/AsyncFriendlyReaderWriterLock.cs
chummer5a/chummer5a,Chummer/Backend/Improvements/Improvement.cs,Chummer/Backend/Helpers/AsyncFriendlyReaderWriterLock.cs
chummer5a/chummer5a,Chummer/Forms/Utility Forms/VersionHistory.cs,Chummer/Backend/Helpers/AsyncFriendlyReaderWriterLock.cs
chummer5a/chummer5a,Chummer/Forms/Utility Forms/ExportCharacter.cs,Chummer/Backend/Helpers/AsyncFriendlyReaderWriterLock.cs
chummer5a/chummer5a,Chummer/Forms/Creation Forms/CreateCustomDrug.cs,Chummer/Backend/Helpers/AsyncFriendlyReaderWriterLock.cs
chummer5a/chummer5a,Chummer/Controls/Shared/DicePoolControl.cs,Chummer/Backend/Helpers/AsyncFriendlyReaderWriterLock.cs
chummer5a/chummer5a,Chummer/Backend/Interfaces/IHasLockObject.cs,Chummer/Backend/Helpers/AsyncFriendlyReaderWriterLock.cs
chummer5a/chummer5a,Chummer/Forms/Creation Forms/CreateCyberwareSuite.cs,Chummer/Backend/Helpers/AsyncFriendlyReaderWriterLock.cs
chummer5a/chummer5a,Chummer/Forms/Creation Forms/CreateExpense.cs,Chummer/Backend/Helpers/AsyncFriendlyReaderWriterLock.cs
chummer5a/chummer5a,Chummer/Forms/Selection Forms/SelectSkill.cs,Chummer/Backend/Helpers/AsyncFriendlyReaderWriterLock.cs
chummer5a/chummer5a,Chummer/Forms/Selection Forms/SelectPACKSKit.cs,Chummer/Backend/Helpers/AsyncFriendlyReaderWriterLock.cs
vchelaru/FlatRedBall,FRBDK/Glue/OfficialPlugins/Compiler/Dtos/Dtos.cs,FRBDK/Glue/Glue/Controls/MainPanelControl.xaml.cs
vchelaru/FlatRedBall,FRBDK/Glue/OfficialPlugins/Compiler/Embedded/Dtos.cs,FRBDK/Glue/Glue/Controls/MainPanelControl.xaml.cs
vchelaru/FlatRedBall,FRBDK/Glue/OfficialPlugins/Compiler/CodeGeneration/Game1GlueControlGenerator.cs,FRBDK/Glue/OfficialPlugins/Compiler/Managers/RefreshManager.cs
vchelaru/FlatRedBall,FRBDK/Glue/OfficialPlugins/Compiler/Dtos/Dtos.cs,FRBDK/Glue/OfficialPlugins/Compiler/Views/GameHostView.xaml.cs
vchelaru/FlatRedBall,FRBDK/Glue/OfficialPlugins/Compiler/Embedded/Dtos.cs,FRBDK/Glue/OfficialPlugins/Compiler/Views/GameHostView.xaml.cs
vchelaru/FlatRedBall,FRBDK/Glue/OfficialPlugins/Compiler/Dtos/Dtos.cs,FRBDK/Glue/OfficialPlugins/Compiler/Embedded/CommandReceiver.cs
vchelaru/FlatRedBall,FRBDK/Glue/OfficialPlugins/Compiler/Embedded/Dtos.cs,FRBDK/Glue/OfficialPlugins/Compiler/Embedded/CommandReceiver.cs
vchelaru/FlatRedBall,FRBDK/Glue/OfficialPlugins/Compiler/Embedded/Dtos.cs,FRBDK/Glue/OfficialPlugins/Wizard/Managers/WizardProjectLogic.cs
vchelaru/FlatRedBall,FRBDK/Glue/OfficialPlugins/Compiler/Dtos/Dtos.cs,FRBDK/Glue/OfficialPlugins/Wizard/Managers/WizardProjectLogic.cs
vchelaru/FlatRedBall,FRBDK/Glue/OfficialPlugins/Compiler/Dtos/Dtos.cs,FRBDK/Glue/OfficialPlugins/Compiler/Managers/GameHostController.cs
vchelaru/FlatRedBall,FRBDK/Glue/OfficialPlugins/Compiler/Embedded/Dtos.cs,FRBDK/Glue/OfficialPlugins/Compiler/Managers/GameHostController.cs
vchelaru/FlatRedBall,FRBDK/Glue/OfficialPlugins/Compiler/Embedded/Dtos.cs,FRBDK/Glue/OfficialPlugins/Compiler/Embedded/Editing/CameraLogic.cs
vchelaru/FlatRedBall,FRBDK/Glue/OfficialPlugins/Compiler/Dtos/Dtos.cs,FRBDK/Glue/OfficialPlugins/Compiler/Embedded/Editing/CameraLogic.cs
vchelaru/FlatRedBall,FRBDK/Glue/OfficialPlugins/Compiler/Dtos/Dtos.cs,FRBDK/Glue/OfficialPlugins/TreeViewPlugin/ViewModels/NodeViewModel.cs
vchelaru/FlatRedBall,FRBDK/Glue/OfficialPlugins/Compiler/Embedded/Dtos.cs,FRBDK/Glue/OfficialPlugins/TreeViewPlugin/ViewModels/NodeViewModel.cs
vchelaru/FlatRedBall,FRBDK/Glue/OfficialPlugins/Compiler/Dtos/Dtos.cs,FRBDK/Glue/OfficialPlugins/Compiler/Managers/VariableSendingManager.cs
vchelaru/FlatRedBall,FRBDK/Glue/OfficialPlugins/Compiler/Embedded/Dtos.cs,FRBDK/Glue/OfficialPlugins/Compiler/Managers/VariableSendingManager.cs
vchelaru/FlatRedBall,FRBDK/Glue/OfficialPlugins/Compiler/Embedded/Dtos.cs,FRBDK/Glue/OfficialPlugins/Compiler/CommandReceiving/CommandReceiver.cs
vchelaru/FlatRedBall,FRBDK/Glue/OfficialPlugins/Compiler/Dtos/Dtos.cs,FRBDK/Glue/OfficialPlugins/Compiler/CommandReceiving/CommandReceiver.cs
vchelaru/FlatRedBall,FRBDK/Glue/OfficialPlugins/Compiler/Dtos/Dtos.cs,FRBDK/Glue/OfficialPlugins/TreeViewPlugin/Views/MainTreeViewControl.xaml.cs
vchelaru/FlatRedBall,FRBDK/Glue/OfficialPlugins/Compiler/Embedded/Dtos.cs,FRBDK/Glue/OfficialPlugins/TreeViewPlugin/Views/MainTreeViewControl.xaml.cs
vchelaru/FlatRedBall,FRBDK/Glue/OfficialPlugins/Compiler/CodeGeneration/Game1GlueControlGenerator.cs,FRBDK/Glue/Glue/Plugins/EmbeddedPlugins/CameraPlugin/CameraSetupCodeGenerator.cs
CypherCore/CypherCore,Source/Game/AI/SmartScripts/SmartScript.cs,Source/Game/Spells/Spell.cs
CypherCore/CypherCore,Source/Framework/Constants/Spells/SpellConst.cs,Source/Game/Spells/Spell.cs
CypherCore/CypherCore,Source/Scripts/Spells/Shaman.cs,Source/Game/Spells/Spell.cs
CypherCore/CypherCore,Source/Game/Entities/Player/Player.cs,Source/Game/Spells/Spell.cs
CypherCore/CypherCore,Source/Framework/Constants/SharedConst.cs,Source/Game/Spells/Spell.cs
CypherCore/CypherCore,Source/Game/Entities/Player/Player.cs,Source/Game/Entities/Unit/Unit.cs
CypherCore/CypherCore,Source/Scripts/Spells/Shaman.cs,Source/Game/Entities/Unit/Unit.cs
CypherCore/CypherCore,Source/Framework/Constants/Spells/SpellConst.cs,Source/Game/Entities/Unit/Unit.cs
CypherCore/CypherCore,Source/Game/AI/SmartScripts/SmartScript.cs,Source/Game/Entities/Unit/Unit.cs
CypherCore/CypherCore,Source/Framework/Constants/SharedConst.cs,Source/Game/Entities/Unit/Unit.cs
CypherCore/CypherCore,Source/Game/AI/SmartScripts/SmartScript.cs,Source/Game/Spells/SpellEffects.cs
CypherCore/CypherCore,Source/Scripts/Spells/Shaman.cs,Source/Game/Spells/SpellEffects.cs
CypherCore/CypherCore,Source/Game/Entities/Player/Player.cs,Source/Game/Spells/SpellEffects.cs
CypherCore/CypherCore,Source/Framework/Constants/Spells/SpellConst.cs,Source/Game/Spells/SpellEffects.cs
CypherCore/CypherCore,Source/Framework/Constants/SharedConst.cs,Source/Game/Spells/SpellEffects.cs
CypherCore/CypherCore,Source/Framework/Constants/SharedConst.cs,Source/Game/Movement/Generators/PathGenerator.cs
CypherCore/CypherCore,Source/Game/AI/SmartScripts/SmartScript.cs,Source/Game/Movement/Generators/PathGenerator.cs
CypherCore/CypherCore,Source/Framework/Constants/Spells/SpellConst.cs,Source/Game/Movement/Generators/PathGenerator.cs
CypherCore/CypherCore,Source/Game/Entities/Player/Player.cs,Source/Game/Movement/Generators/PathGenerator.cs
CypherCore/CypherCore,Source/Scripts/Spells/Shaman.cs,Source/Game/Movement/Generators/PathGenerator.cs
uholeschak/ediabaslib,BmwDeepObd/XmlToolActivity.cs,BmwDeepObd/ActivityCommon.cs
AerisG222/mikeandwan.us,src/Maw.Cache.Initializer/PhotoCacheProcessingService.cs,src/Maw.Cache/Videos/VideoCache.cs
AerisG222/mikeandwan.us,src/Maw.Cache.Initializer/BlogCacheProcessingSerivce.cs,src/Maw.Cache/Videos/VideoCache.cs
AerisG222/mikeandwan.us,src/Maw.Cache.Abstractions/IPhotoCache.cs,src/Maw.Cache/Videos/VideoCache.cs
Willster419/RelhaxModpack,RelhaxModpack/RelhaxModpack/Database/ConflictingPackage.cs,RelhaxModpack/RelhaxModpack/Installer/InstallEngine.cs
elastic/elasticsearch-net,src/Elastic.Clients.Elasticsearch/_Generated/Api/SourceRequest.g.cs,src/Elastic.Clients.Elasticsearch/FutureGenerated/FutureGenerated.cs
ethanmoffat/EndlessClient,EOBot/BotHelper.cs,EOBot/Program.cs
ethanmoffat/EndlessClient,EndlessClient/HUD/Inventory/OldEOInventoryItem.cs,EOLib/Domain/Login/LoginActions.cs
ethanmoffat/EndlessClient,EndlessClient/Dialogs/PaperdollDialog.cs,EOLib/Domain/Login/LoginActions.cs
ethanmoffat/EndlessClient,EndlessClient/Controllers/CharacterManagementController.cs,EOLib/Domain/Login/LoginActions.cs
ethanmoffat/EndlessClient,EndlessClient/HUD/Panels/HudPanelFactory.cs,EOLib/Domain/Login/LoginActions.cs
ethanmoffat/EndlessClient,EndlessClient/Rendering/MouseCursorRenderer.cs,EOLib/Domain/Login/LoginActions.cs
ethanmoffat/EndlessClient,EndlessClient/Rendering/ContextMenuRenderer.cs,EOLib/Domain/Login/LoginActions.cs
ethanmoffat/EndlessClient,EndlessClient/Dialogs/PaperdollDialogItem.cs,EOLib/Domain/Login/LoginActions.cs
ethanmoffat/EndlessClient,EndlessClient/Dialogs/PaperdollDialogItem.cs,EOLib.Graphics/NativeGraphicsLoader.cs
ethanmoffat/EndlessClient,EndlessClient/Controllers/CharacterManagementController.cs,EOLib.Graphics/NativeGraphicsLoader.cs
ethanmoffat/EndlessClient,EndlessClient/HUD/Panels/HudPanelFactory.cs,EOLib.Graphics/NativeGraphicsLoader.cs
ethanmoffat/EndlessClient,EndlessClient/Rendering/MouseCursorRenderer.cs,EOLib.Graphics/NativeGraphicsLoader.cs
ethanmoffat/EndlessClient,EndlessClient/HUD/Inventory/OldEOInventoryItem.cs,EOLib.Graphics/NativeGraphicsLoader.cs
ethanmoffat/EndlessClient,EndlessClient/Dialogs/PaperdollDialog.cs,EOLib.Graphics/NativeGraphicsLoader.cs
ethanmoffat/EndlessClient,EndlessClient/Rendering/ContextMenuRenderer.cs,EOLib.Graphics/NativeGraphicsLoader.cs
ethanmoffat/EndlessClient,EOBot/Interpreter/BotTokenType.cs,EOBot/Interpreter/States/IfEvaluator.cs
ethanmoffat/EndlessClient,EndlessClient/Dialogs/Actions/InGameDialogActions.cs,EOBot/Interpreter/States/IfEvaluator.cs
ethanmoffat/EndlessClient,EndlessClient/Dialogs/Actions/InGameDialogActions.cs,EOBot/Interpreter/States/BlockEvaluator.cs
ethanmoffat/EndlessClient,EOBot/Interpreter/BotTokenType.cs,EOBot/Interpreter/States/BlockEvaluator.cs
ethanmoffat/EndlessClient,EndlessClient/HUD/Panels/OnlineListPanel.cs,EndlessClient/GameExecution/EndlessGame.cs
ethanmoffat/EndlessClient,EndlessClient/HUD/Controls/HUD.cs,EndlessClient/GameExecution/EndlessGame.cs
ethanmoffat/EndlessClient,EndlessClient/Dialogs/PaperdollDialog.cs,EndlessClient/Rendering/Map/MapRenderer.cs
ethanmoffat/EndlessClient,EndlessClient/Rendering/ContextMenuRenderer.cs,EndlessClient/Rendering/Map/MapRenderer.cs
ethanmoffat/EndlessClient,EndlessClient/Controllers/CharacterManagementController.cs,EndlessClient/Rendering/Map/MapRenderer.cs
ethanmoffat/EndlessClient,EndlessClient/HUD/Inventory/OldEOInventoryItem.cs,EndlessClient/Rendering/Map/MapRenderer.cs
ethanmoffat/EndlessClient,EndlessClient/HUD/Panels/HudPanelFactory.cs,EndlessClient/Rendering/Map/MapRenderer.cs
ethanmoffat/EndlessClient,EndlessClient/Dialogs/PaperdollDialogItem.cs,EndlessClient/Rendering/Map/MapRenderer.cs
ethanmoffat/EndlessClient,EndlessClient/Rendering/MouseCursorRenderer.cs,EndlessClient/Rendering/Map/MapRenderer.cs
ethanmoffat/EndlessClient,EndlessClient/HUD/Inventory/OldEOInventoryItem.cs,EndlessClient/Rendering/NPC/NPCRenderer.cs
ethanmoffat/EndlessClient,EndlessClient/Rendering/MouseCursorRenderer.cs,EndlessClient/Rendering/NPC/NPCRenderer.cs
ethanmoffat/EndlessClient,EndlessClient/Dialogs/PaperdollDialog.cs,EndlessClient/Rendering/NPC/NPCRenderer.cs
ethanmoffat/EndlessClient,EndlessClient/Controllers/CharacterManagementController.cs,EndlessClient/Rendering/NPC/NPCRenderer.cs
ethanmoffat/EndlessClient,EndlessClient/HUD/Panels/HudPanelFactory.cs,EndlessClient/Rendering/NPC/NPCRenderer.cs
ethanmoffat/EndlessClient,EndlessClient/Rendering/ContextMenuRenderer.cs,EndlessClient/Rendering/NPC/NPCRenderer.cs
ethanmoffat/EndlessClient,EndlessClient/Dialogs/PaperdollDialogItem.cs,EndlessClient/Rendering/NPC/NPCRenderer.cs
ethanmoffat/EndlessClient,EndlessClient/Controllers/CharacterManagementController.cs,EOLib/Net/FileTransfer/FileRequestActions.cs
ethanmoffat/EndlessClient,EndlessClient/HUD/Inventory/OldEOInventoryItem.cs,EOLib/Net/FileTransfer/FileRequestActions.cs
ethanmoffat/EndlessClient,EndlessClient/Rendering/ContextMenuRenderer.cs,EOLib/Net/FileTransfer/FileRequestActions.cs
ethanmoffat/EndlessClient,EndlessClient/Dialogs/PaperdollDialogItem.cs,EOLib/Net/FileTransfer/FileRequestActions.cs
ethanmoffat/EndlessClient,EndlessClient/Dialogs/PaperdollDialog.cs,EOLib/Net/FileTransfer/FileRequestActions.cs
ethanmoffat/EndlessClient,EndlessClient/Rendering/MouseCursorRenderer.cs,EOLib/Net/FileTransfer/FileRequestActions.cs
ethanmoffat/EndlessClient,EndlessClient/HUD/Panels/HudPanelFactory.cs,EOLib/Net/FileTransfer/FileRequestActions.cs
ethanmoffat/EndlessClient,EndlessClient/Rendering/ContextMenuRenderer.cs,EOLib/Net/FileTransfer/FileRequestService.cs
ethanmoffat/EndlessClient,EndlessClient/Rendering/MouseCursorRenderer.cs,EOLib/Net/FileTransfer/FileRequestService.cs
ethanmoffat/EndlessClient,EndlessClient/Controllers/CharacterManagementController.cs,EOLib/Net/FileTransfer/FileRequestService.cs
ethanmoffat/EndlessClient,EndlessClient/Dialogs/PaperdollDialog.cs,EOLib/Net/FileTransfer/FileRequestService.cs
ethanmoffat/EndlessClient,EndlessClient/Dialogs/PaperdollDialogItem.cs,EOLib/Net/FileTransfer/FileRequestService.cs
ethanmoffat/EndlessClient,EndlessClient/HUD/Panels/HudPanelFactory.cs,EOLib/Net/FileTransfer/FileRequestService.cs
ethanmoffat/EndlessClient,EndlessClient/HUD/Inventory/OldEOInventoryItem.cs,EOLib/Net/FileTransfer/FileRequestService.cs
ethanmoffat/EndlessClient,EndlessClient/Dialogs/Actions/InGameDialogActions.cs,EOBot/Interpreter/States/FunctionEvaluator.cs
ethanmoffat/EndlessClient,EOBot/Interpreter/BotTokenType.cs,EOBot/Interpreter/States/FunctionEvaluator.cs
ethanmoffat/EndlessClient,EndlessClient/HUD/Panels/OnlineListPanel.cs,EndlessClient/GameExecution/GameRunnerBase.cs
ethanmoffat/EndlessClient,EndlessClient/HUD/Controls/HUD.cs,EndlessClient/GameExecution/GameRunnerBase.cs
ethanmoffat/EndlessClient,EndlessClient/HUD/Controls/HUD.cs,EndlessClient/HUD/Controls/HudControlsFactory.cs
ethanmoffat/EndlessClient,EndlessClient/HUD/Panels/OnlineListPanel.cs,EndlessClient/HUD/Controls/HudControlsFactory.cs
ethanmoffat/EndlessClient,EndlessClient/Dialogs/PaperdollDialog.cs,EndlessClient/Rendering/Map/MapChangedActions.cs
ethanmoffat/EndlessClient,EndlessClient/HUD/Inventory/OldEOInventoryItem.cs,EndlessClient/Rendering/Map/MapChangedActions.cs
ethanmoffat/EndlessClient,EndlessClient/Rendering/MouseCursorRenderer.cs,EndlessClient/Rendering/Map/MapChangedActions.cs
ethanmoffat/EndlessClient,EndlessClient/Dialogs/PaperdollDialogItem.cs,EndlessClient/Rendering/Map/MapChangedActions.cs
ethanmoffat/EndlessClient,EndlessClient/Controllers/CharacterManagementController.cs,EndlessClient/Rendering/Map/MapChangedActions.cs
ethanmoffat/EndlessClient,EndlessClient/Rendering/ContextMenuRenderer.cs,EndlessClient/Rendering/Map/MapChangedActions.cs
ethanmoffat/EndlessClient,EndlessClient/HUD/Panels/HudPanelFactory.cs,EndlessClient/Rendering/Map/MapChangedActions.cs
ethanmoffat/EndlessClient,EndlessClient/Dialogs/Actions/InGameDialogActions.cs,EOBot/Interpreter/BuiltInIdentifierConfigurator.cs
ethanmoffat/EndlessClient,EOBot/Interpreter/BotTokenType.cs,EOBot/Interpreter/BuiltInIdentifierConfigurator.cs
ethanmoffat/EndlessClient,EndlessClient/Dialogs/Actions/InGameDialogActions.cs,EOBot/Interpreter/Variables/PredefinedIdentifiers.cs
ethanmoffat/EndlessClient,EOBot/Interpreter/BotTokenType.cs,EOBot/Interpreter/Variables/PredefinedIdentifiers.cs
ethanmoffat/EndlessClient,EndlessClient/HUD/Inventory/OldEOInventoryItem.cs,EndlessClient/Rendering/Character/CharacterAnimator.cs
ethanmoffat/EndlessClient,EndlessClient/Dialogs/PaperdollDialog.cs,EndlessClient/Rendering/Character/CharacterAnimator.cs
ethanmoffat/EndlessClient,EndlessClient/HUD/Panels/HudPanelFactory.cs,EndlessClient/Rendering/Character/CharacterAnimator.cs
ethanmoffat/EndlessClient,EndlessClient/Rendering/MouseCursorRenderer.cs,EndlessClient/Rendering/Character/CharacterAnimator.cs
ethanmoffat/EndlessClient,EndlessClient/Rendering/ContextMenuRenderer.cs,EndlessClient/Rendering/Character/CharacterAnimator.cs
ethanmoffat/EndlessClient,EndlessClient/Controllers/CharacterManagementController.cs,EndlessClient/Rendering/Character/CharacterAnimator.cs
ethanmoffat/EndlessClient,EndlessClient/Dialogs/PaperdollDialogItem.cs,EndlessClient/Rendering/Character/CharacterAnimator.cs
ethanmoffat/EndlessClient,EndlessClient/Rendering/MouseCursorRenderer.cs,EndlessClient/Rendering/Character/CharacterRenderer.cs
ethanmoffat/EndlessClient,EndlessClient/Dialogs/PaperdollDialogItem.cs,EndlessClient/Rendering/Character/CharacterRenderer.cs
ethanmoffat/EndlessClient,EndlessClient/HUD/Inventory/OldEOInventoryItem.cs,EndlessClient/Rendering/Character/CharacterRenderer.cs
ethanmoffat/EndlessClient,EndlessClient/Rendering/ContextMenuRenderer.cs,EndlessClient/Rendering/Character/CharacterRenderer.cs
ethanmoffat/EndlessClient,EndlessClient/Controllers/CharacterManagementController.cs,EndlessClient/Rendering/Character/CharacterRenderer.cs
ethanmoffat/EndlessClient,EndlessClient/Dialogs/PaperdollDialog.cs,EndlessClient/Rendering/Character/CharacterRenderer.cs
ethanmoffat/EndlessClient,EndlessClient/HUD/Panels/HudPanelFactory.cs,EndlessClient/Rendering/Character/CharacterRenderer.cs
ethanmoffat/EndlessClient,EndlessClient/Dialogs/PaperdollDialog.cs,EndlessClient/Rendering/Character/CharacterRendererUpdater.cs
ethanmoffat/EndlessClient,EndlessClient/Dialogs/PaperdollDialogItem.cs,EndlessClient/Rendering/Character/CharacterRendererUpdater.cs
ethanmoffat/EndlessClient,EndlessClient/Rendering/MouseCursorRenderer.cs,EndlessClient/Rendering/Character/CharacterRendererUpdater.cs
ethanmoffat/EndlessClient,EndlessClient/HUD/Inventory/OldEOInventoryItem.cs,EndlessClient/Rendering/Character/CharacterRendererUpdater.cs
ethanmoffat/EndlessClient,EndlessClient/Rendering/ContextMenuRenderer.cs,EndlessClient/Rendering/Character/CharacterRendererUpdater.cs
ethanmoffat/EndlessClient,EndlessClient/HUD/Panels/HudPanelFactory.cs,EndlessClient/Rendering/Character/CharacterRendererUpdater.cs
ethanmoffat/EndlessClient,EndlessClient/Controllers/CharacterManagementController.cs,EndlessClient/Rendering/Character/CharacterRendererUpdater.cs
ethanmoffat/EndlessClient,EndlessClient/Dialogs/PaperdollDialogItem.cs,EndlessClient/Rendering/Character/CharacterAnimationActions.cs
ethanmoffat/EndlessClient,EndlessClient/HUD/Inventory/OldEOInventoryItem.cs,EndlessClient/Rendering/Character/CharacterAnimationActions.cs
ethanmoffat/EndlessClient,EndlessClient/Rendering/MouseCursorRenderer.cs,EndlessClient/Rendering/Character/CharacterAnimationActions.cs
ethanmoffat/EndlessClient,EndlessClient/Rendering/ContextMenuRenderer.cs,EndlessClient/Rendering/Character/CharacterAnimationActions.cs
ethanmoffat/EndlessClient,EndlessClient/Dialogs/PaperdollDialog.cs,EndlessClient/Rendering/Character/CharacterAnimationActions.cs
ethanmoffat/EndlessClient,EndlessClient/HUD/Panels/HudPanelFactory.cs,EndlessClient/Rendering/Character/CharacterAnimationActions.cs
ethanmoffat/EndlessClient,EndlessClient/Controllers/CharacterManagementController.cs,EndlessClient/Rendering/Character/CharacterAnimationActions.cs
ethanmoffat/EndlessClient,EndlessClient/HUD/Inventory/OldEOInventoryItem.cs,EndlessClient/Rendering/MapEntityRenderers/MainCharacterEntityRenderer.cs
ethanmoffat/EndlessClient,EndlessClient/Controllers/CharacterManagementController.cs,EndlessClient/Rendering/MapEntityRenderers/MainCharacterEntityRenderer.cs
ethanmoffat/EndlessClient,EndlessClient/Dialogs/PaperdollDialogItem.cs,EndlessClient/Rendering/MapEntityRenderers/MainCharacterEntityRenderer.cs
ethanmoffat/EndlessClient,EndlessClient/HUD/Panels/HudPanelFactory.cs,EndlessClient/Rendering/MapEntityRenderers/MainCharacterEntityRenderer.cs
ethanmoffat/EndlessClient,EndlessClient/Rendering/MouseCursorRenderer.cs,EndlessClient/Rendering/MapEntityRenderers/MainCharacterEntityRenderer.cs
ethanmoffat/EndlessClient,EndlessClient/Rendering/ContextMenuRenderer.cs,EndlessClient/Rendering/MapEntityRenderers/MainCharacterEntityRenderer.cs
ethanmoffat/EndlessClient,EndlessClient/Dialogs/PaperdollDialog.cs,EndlessClient/Rendering/MapEntityRenderers/MainCharacterEntityRenderer.cs
oskardudycz/EventSourcing.NetCore,Core.Marten/Repository/MartenRepository.cs,Core/Config.cs
NakedObjectsGroup/NakedObjectsFramework,NOF2/NOF2.Reflector/Facet/SaveNullFacet.cs,NOF2/NOF2.Reflector/Facet/SaveViaActionSaveWithAboutFacet.cs
NakedObjectsGroup/NakedObjectsFramework,NOF2/NOF2.Reflector/Facet/StaticMenuMethodFacet.cs,NOF2/NOF2.Reflector/Facet/SaveViaActionSaveWithAboutFacet.cs
NakedObjectsGroup/NakedObjectsFramework,NakedFramework/NakedFramework.Metamodel/Facet/RestExtensionFacet.cs,NOF2/NOF2.Reflector/Facet/SaveViaActionSaveWithAboutFacet.cs
NakedObjectsGroup/NakedObjectsFramework,NakedFramework/NakedFramework.Metamodel/Facet/SaveFacet.cs,NOF2/NOF2.Reflector/Facet/SaveViaActionSaveWithAboutFacet.cs
NakedObjectsGroup/NakedObjectsFramework,NOF2/NOF2.Reflector/Facet/StaticFunctionFacet.cs,NOF2/NOF2.Reflector/Facet/SaveViaActionSaveWithAboutFacet.cs
NakedObjectsGroup/NakedObjectsFramework,NakedFramework/NakedFramework.Metamodel/Facet/SaveFacet.cs,NOF2/NOF2.Reflector/FacetFactory/CollectionFieldMethodsFacetFactory.cs
NakedObjectsGroup/NakedObjectsFramework,NOF2/NOF2.Reflector/Facet/SaveNullFacet.cs,NOF2/NOF2.Reflector/FacetFactory/CollectionFieldMethodsFacetFactory.cs
NakedObjectsGroup/NakedObjectsFramework,NakedFramework/NakedFramework.Metamodel/Facet/RestExtensionFacet.cs,NOF2/NOF2.Reflector/FacetFactory/CollectionFieldMethodsFacetFactory.cs
NakedObjectsGroup/NakedObjectsFramework,NOF2/NOF2.Reflector/Facet/StaticMenuMethodFacet.cs,NOF2/NOF2.Reflector/FacetFactory/CollectionFieldMethodsFacetFactory.cs
NakedObjectsGroup/NakedObjectsFramework,NOF2/NOF2.Reflector/Facet/StaticFunctionFacet.cs,NOF2/NOF2.Reflector/FacetFactory/CollectionFieldMethodsFacetFactory.cs
